<?xml version="1.0" encoding="UTF-8"?><?xml-stylesheet type='text/xsl' href='_UpgradeReport_Files/UpgradeReport.xslt'?><UpgradeLog>
<Properties><Property Name="Solution" Value="IndexInternals-Chapter6-Resources">
</Property><Property Name="Solution File" Value="D:\IndexInternals\IndexInternals-Chapter6-Resources.ssmssln">
</Property><Property Name="Date" Value="Wednesday, January 23, 2013">
</Property><Property Name="Time" Value="12:07 PM">
</Property></Properties><Event ErrorLevel="0" Project="" Source="IndexInternals-Chapter6-Resources.ssmssln" Description="Solution converted successfully">
</Event><Event ErrorLevel="3" Project="" Source="IndexInternals-Chapter6-Resources.ssmssln" Description="Converted">
</Event></UpgradeLog>