<?xml version="1.0"?>
<DataProfile xmlns:xsd="http://www.w3.org/2001/XMLSchema" xmlns:xsi="http://www.w3.org/2001/XMLSchema-instance" xmlns="http://schemas.microsoft.com/sqlserver/2008/DataDebugger/">
  <ProfileVersion>1.0</ProfileVersion>
  <DataSources>
    <DtsDataSource ID="{60DFC6F0-5083-4DA8-8128-BAC84AF71645}" Name="ProfilingCustomers.xml">
      <DtsConnectionManagerID>ProfilingCustomers.xml</DtsConnectionManagerID>
    </DtsDataSource>
    <DtsDataSource ID="{ADE200D0-9886-412F-94C3-D3C9CD2747EA}" Name="SOLIDQDS.DQS_STAGING_DATA">
      <DtsConnectionManagerID>SOLIDQDS.DQS_STAGING_DATA</DtsConnectionManagerID>
    </DtsDataSource>
  </DataSources>
  <DataProfileInput>
    <ProfileMode>Exact</ProfileMode>
    <Timeout>0</Timeout>
    <Requests>
      <ColumnNullRatioProfileRequest ID="NullRatioReq">
        <DataSourceID>{ADE200D0-9886-412F-94C3-D3C9CD2747EA}</DataSourceID>
        <Table Schema="dbo" Table="TK463CustomersDirty" />
        <Column IsWildCard="true" />
      </ColumnNullRatioProfileRequest>
      <ColumnStatisticsProfileRequest ID="StatisticsReq">
        <DataSourceID>{ADE200D0-9886-412F-94C3-D3C9CD2747EA}</DataSourceID>
        <Table Schema="dbo" Table="TK463CustomersDirty" />
        <Column IsWildCard="true" />
      </ColumnStatisticsProfileRequest>
      <ColumnLengthDistributionProfileRequest ID="LengthDistReq">
        <DataSourceID>{ADE200D0-9886-412F-94C3-D3C9CD2747EA}</DataSourceID>
        <Table Schema="dbo" Table="TK463CustomersDirty" />
        <Column IsWildCard="true" />
        <IgnoreLeadingSpace>false</IgnoreLeadingSpace>
        <IgnoreTrailingSpace>true</IgnoreTrailingSpace>
      </ColumnLengthDistributionProfileRequest>
      <ColumnValueDistributionProfileRequest ID="ValueDistReq">
        <DataSourceID>{ADE200D0-9886-412F-94C3-D3C9CD2747EA}</DataSourceID>
        <Table Schema="dbo" Table="TK463CustomersDirty" />
        <Column IsWildCard="false" ColumnName="Occupation" />
        <Option>AllValues</Option>
        <FrequentValueThreshold>0.001</FrequentValueThreshold>
      </ColumnValueDistributionProfileRequest>
      <ColumnPatternProfileRequest ID="PatternReq">
        <DataSourceID>{ADE200D0-9886-412F-94C3-D3C9CD2747EA}</DataSourceID>
        <Table Schema="dbo" Table="TK463CustomersDirty" />
        <Column IsWildCard="false" ColumnName="EmailAddress" />
        <MaxNumberOfPatterns>10</MaxNumberOfPatterns>
        <PercentageDataCoverageDesired>95</PercentageDataCoverageDesired>
        <CaseSensitive>false</CaseSensitive>
        <Delimiters> \t\r\n</Delimiters>
        <Symbols>,.;:-"'`~=&amp;/\\@!?()&lt;&gt;[]{}|#*^%</Symbols>
        <TagTableName />
      </ColumnPatternProfileRequest>
    </Requests>
  </DataProfileInput>
  <DataProfileOutput>
    <Profiles>
      <ColumnNullRatioProfile ProfileRequestID="NullRatioReq" IsExact="true">
        <DataSourceID>{ADE200D0-9886-412F-94C3-D3C9CD2747EA}</DataSourceID>
        <Table DataSource="SOLIDQDS" Database="DQS_STAGING_DATA" Schema="dbo" Table="TK463CustomersDirty" RowCount="-1" />
        <Column Name="CustomerKey" SqlDbType="Int" MaxLength="0" Precision="10" Scale="0" LCID="-1" CodePage="0" IsNullable="false" StringCompareOptions="0" />
        <NullCount>0</NullCount>
      </ColumnNullRatioProfile>
      <ColumnValueDistributionProfile IsExact="true" ProfileRequestID="ValueDistReq">
        <DataSourceID>{ADE200D0-9886-412F-94C3-D3C9CD2747EA}</DataSourceID>
        <Table DataSource="SOLIDQDS" Database="DQS_STAGING_DATA" Schema="dbo" Table="TK463CustomersDirty" RowCount="1851" />
        <Column Name="Occupation" SqlDbType="NVarChar" MaxLength="100" Precision="255" Scale="255" LCID="1033" CodePage="0" IsNullable="true" StringCompareOptions="0" />
        <NumberOfDistinctValues>6</NumberOfDistinctValues>
        <ValueDistribution>
          <ValueDistributionItem>
            <Value>Professional</Value>
            <Count>552</Count>
          </ValueDistributionItem>
          <ValueDistributionItem>
            <Value>Profesional</Value>
            <Count>1</Count>
          </ValueDistributionItem>
          <ValueDistributionItem>
            <Value>Clerical</Value>
            <Count>282</Count>
          </ValueDistributionItem>
          <ValueDistributionItem>
            <Value>Manual</Value>
            <Count>240</Count>
          </ValueDistributionItem>
          <ValueDistributionItem>
            <Value>Management</Value>
            <Count>309</Count>
          </ValueDistributionItem>
          <ValueDistributionItem>
            <Value>Skilled Manual</Value>
            <Count>467</Count>
          </ValueDistributionItem>
        </ValueDistribution>
      </ColumnValueDistributionProfile>
      <ColumnPatternProfile ProfileRequestID="PatternReq" IsExact="true">
        <DataSourceID>{ADE200D0-9886-412F-94C3-D3C9CD2747EA}</DataSourceID>
        <Table DataSource="SOLIDQDS" Database="DQS_STAGING_DATA" Schema="dbo" Table="TK463CustomersDirty" RowCount="1851" />
        <Column Name="EmailAddress" SqlDbType="NVarChar" MaxLength="50" Precision="255" Scale="255" LCID="1033" CodePage="0" IsNullable="true" StringCompareOptions="0" />
        <TopRegexPatterns>
          <PatternDistributionItem>
            <RegexText>\p{L}+\d\d@ADVENTURE-WORKS\.COM</RegexText>
            <Frequency>73</Frequency>
          </PatternDistributionItem>
          <PatternDistributionItem>
            <RegexText>\p{L}+\d@ADVENTURE-WORKS\.COM</RegexText>
            <Frequency>27</Frequency>
          </PatternDistributionItem>
        </TopRegexPatterns>
      </ColumnPatternProfile>
      <ColumnNullRatioProfile ProfileRequestID="NullRatioReq" IsExact="true">
        <DataSourceID>{ADE200D0-9886-412F-94C3-D3C9CD2747EA}</DataSourceID>
        <Table DataSource="SOLIDQDS" Database="DQS_STAGING_DATA" Schema="dbo" Table="TK463CustomersDirty" RowCount="1851" />
        <Column Name="FullName" SqlDbType="NVarChar" MaxLength="101" Precision="255" Scale="255" LCID="1033" CodePage="0" IsNullable="true" StringCompareOptions="0" />
        <NullCount>0</NullCount>
      </ColumnNullRatioProfile>
      <ColumnNullRatioProfile ProfileRequestID="NullRatioReq" IsExact="true">
        <DataSourceID>{ADE200D0-9886-412F-94C3-D3C9CD2747EA}</DataSourceID>
        <Table DataSource="SOLIDQDS" Database="DQS_STAGING_DATA" Schema="dbo" Table="TK463CustomersDirty" RowCount="1851" />
        <Column Name="StreetAddress" SqlDbType="NVarChar" MaxLength="120" Precision="255" Scale="255" LCID="1033" CodePage="0" IsNullable="true" StringCompareOptions="0" />
        <NullCount>0</NullCount>
      </ColumnNullRatioProfile>
      <ColumnNullRatioProfile ProfileRequestID="NullRatioReq" IsExact="true">
        <DataSourceID>{ADE200D0-9886-412F-94C3-D3C9CD2747EA}</DataSourceID>
        <Table DataSource="SOLIDQDS" Database="DQS_STAGING_DATA" Schema="dbo" Table="TK463CustomersDirty" RowCount="1851" />
        <Column Name="City" SqlDbType="NVarChar" MaxLength="30" Precision="255" Scale="255" LCID="1033" CodePage="0" IsNullable="true" StringCompareOptions="0" />
        <NullCount>0</NullCount>
      </ColumnNullRatioProfile>
      <ColumnNullRatioProfile ProfileRequestID="NullRatioReq" IsExact="true">
        <DataSourceID>{ADE200D0-9886-412F-94C3-D3C9CD2747EA}</DataSourceID>
        <Table DataSource="SOLIDQDS" Database="DQS_STAGING_DATA" Schema="dbo" Table="TK463CustomersDirty" RowCount="1851" />
        <Column Name="StateProvince" SqlDbType="NVarChar" MaxLength="50" Precision="255" Scale="255" LCID="1033" CodePage="0" IsNullable="true" StringCompareOptions="0" />
        <NullCount>0</NullCount>
      </ColumnNullRatioProfile>
      <ColumnNullRatioProfile ProfileRequestID="NullRatioReq" IsExact="true">
        <DataSourceID>{ADE200D0-9886-412F-94C3-D3C9CD2747EA}</DataSourceID>
        <Table DataSource="SOLIDQDS" Database="DQS_STAGING_DATA" Schema="dbo" Table="TK463CustomersDirty" RowCount="1851" />
        <Column Name="CountryRegion" SqlDbType="NVarChar" MaxLength="50" Precision="255" Scale="255" LCID="1033" CodePage="0" IsNullable="true" StringCompareOptions="0" />
        <NullCount>0</NullCount>
      </ColumnNullRatioProfile>
      <ColumnNullRatioProfile ProfileRequestID="NullRatioReq" IsExact="true">
        <DataSourceID>{ADE200D0-9886-412F-94C3-D3C9CD2747EA}</DataSourceID>
        <Table DataSource="SOLIDQDS" Database="DQS_STAGING_DATA" Schema="dbo" Table="TK463CustomersDirty" RowCount="1851" />
        <Column Name="EmailAddress" SqlDbType="NVarChar" MaxLength="50" Precision="255" Scale="255" LCID="1033" CodePage="0" IsNullable="true" StringCompareOptions="0" />
        <NullCount>0</NullCount>
      </ColumnNullRatioProfile>
      <ColumnNullRatioProfile ProfileRequestID="NullRatioReq" IsExact="true">
        <DataSourceID>{ADE200D0-9886-412F-94C3-D3C9CD2747EA}</DataSourceID>
        <Table DataSource="SOLIDQDS" Database="DQS_STAGING_DATA" Schema="dbo" Table="TK463CustomersDirty" RowCount="1851" />
        <Column Name="BirthDate" SqlDbType="Date" MaxLength="0" Precision="255" Scale="255" LCID="-1" CodePage="0" IsNullable="true" StringCompareOptions="0" />
        <NullCount>0</NullCount>
      </ColumnNullRatioProfile>
      <ColumnNullRatioProfile ProfileRequestID="NullRatioReq" IsExact="true">
        <DataSourceID>{ADE200D0-9886-412F-94C3-D3C9CD2747EA}</DataSourceID>
        <Table DataSource="SOLIDQDS" Database="DQS_STAGING_DATA" Schema="dbo" Table="TK463CustomersDirty" RowCount="1851" />
        <Column Name="Occupation" SqlDbType="NVarChar" MaxLength="100" Precision="255" Scale="255" LCID="1033" CodePage="0" IsNullable="true" StringCompareOptions="0" />
        <NullCount>0</NullCount>
      </ColumnNullRatioProfile>
      <ColumnStatisticsProfile IsExact="true" ProfileRequestID="StatisticsReq">
        <DataSourceID>{ADE200D0-9886-412F-94C3-D3C9CD2747EA}</DataSourceID>
        <Table DataSource="SOLIDQDS" Database="DQS_STAGING_DATA" Schema="dbo" Table="TK463CustomersDirty" RowCount="1851" />
        <Column Name="CustomerKey" SqlDbType="Int" MaxLength="0" Precision="10" Scale="0" LCID="-1" CodePage="0" IsNullable="false" StringCompareOptions="0" />
        <MinValue>-11100</MinValue>
        <MaxValue>29480</MaxValue>
        <Mean>20206.1912479741</Mean>
        <StdDev>5432.85856249495</StdDev>
      </ColumnStatisticsProfile>
      <ColumnStatisticsProfile IsExact="true" ProfileRequestID="StatisticsReq">
        <DataSourceID>{ADE200D0-9886-412F-94C3-D3C9CD2747EA}</DataSourceID>
        <Table DataSource="SOLIDQDS" Database="DQS_STAGING_DATA" Schema="dbo" Table="TK463CustomersDirty" RowCount="1851" />
        <Column Name="BirthDate" SqlDbType="Date" MaxLength="0" Precision="255" Scale="255" LCID="-1" CodePage="0" IsNullable="true" StringCompareOptions="0" />
        <MinValue>1890-02-24T00:00:00.0000000</MinValue>
        <MaxValue>1984-12-24T00:00:00.0000000</MaxValue>
      </ColumnStatisticsProfile>
      <ColumnLengthDistributionProfile ProfileRequestID="LengthDistReq" IsExact="true">
        <DataSourceID>{ADE200D0-9886-412F-94C3-D3C9CD2747EA}</DataSourceID>
        <Table DataSource="SOLIDQDS" Database="DQS_STAGING_DATA" Schema="dbo" Table="TK463CustomersDirty" RowCount="1851" />
        <Column Name="FullName" SqlDbType="NVarChar" MaxLength="101" Precision="255" Scale="255" LCID="1033" CodePage="0" IsNullable="true" StringCompareOptions="0" />
        <IgnoreLeadingSpace>false</IgnoreLeadingSpace>
        <IgnoreTrailingSpace>true</IgnoreTrailingSpace>
        <MinLength>6</MinLength>
        <MaxLength>20</MaxLength>
        <LengthDistribution>
          <LengthDistributionItem>
            <Length>9</Length>
            <Count>109</Count>
          </LengthDistributionItem>
          <LengthDistributionItem>
            <Length>15</Length>
            <Count>168</Count>
          </LengthDistributionItem>
          <LengthDistributionItem>
            <Length>12</Length>
            <Count>305</Count>
          </LengthDistributionItem>
          <LengthDistributionItem>
            <Length>6</Length>
            <Count>2</Count>
          </LengthDistributionItem>
          <LengthDistributionItem>
            <Length>7</Length>
            <Count>11</Count>
          </LengthDistributionItem>
          <LengthDistributionItem>
            <Length>18</Length>
            <Count>15</Count>
          </LengthDistributionItem>
          <LengthDistributionItem>
            <Length>10</Length>
            <Count>209</Count>
          </LengthDistributionItem>
          <LengthDistributionItem>
            <Length>19</Length>
            <Count>4</Count>
          </LengthDistributionItem>
          <LengthDistributionItem>
            <Length>13</Length>
            <Count>319</Count>
          </LengthDistributionItem>
          <LengthDistributionItem>
            <Length>16</Length>
            <Count>110</Count>
          </LengthDistributionItem>
          <LengthDistributionItem>
            <Length>17</Length>
            <Count>56</Count>
          </LengthDistributionItem>
          <LengthDistributionItem>
            <Length>11</Length>
            <Count>253</Count>
          </LengthDistributionItem>
          <LengthDistributionItem>
            <Length>20</Length>
            <Count>2</Count>
          </LengthDistributionItem>
          <LengthDistributionItem>
            <Length>14</Length>
            <Count>241</Count>
          </LengthDistributionItem>
          <LengthDistributionItem>
            <Length>8</Length>
            <Count>47</Count>
          </LengthDistributionItem>
        </LengthDistribution>
      </ColumnLengthDistributionProfile>
      <ColumnLengthDistributionProfile ProfileRequestID="LengthDistReq" IsExact="true">
        <DataSourceID>{ADE200D0-9886-412F-94C3-D3C9CD2747EA}</DataSourceID>
        <Table DataSource="SOLIDQDS" Database="DQS_STAGING_DATA" Schema="dbo" Table="TK463CustomersDirty" RowCount="1851" />
        <Column Name="StreetAddress" SqlDbType="NVarChar" MaxLength="120" Precision="255" Scale="255" LCID="1033" CodePage="0" IsNullable="true" StringCompareOptions="0" />
        <IgnoreLeadingSpace>false</IgnoreLeadingSpace>
        <IgnoreTrailingSpace>true</IgnoreTrailingSpace>
        <MinLength>8</MinLength>
        <MaxLength>33</MaxLength>
        <LengthDistribution>
          <LengthDistributionItem>
            <Length>23</Length>
            <Count>31</Count>
          </LengthDistributionItem>
          <LengthDistributionItem>
            <Length>29</Length>
            <Count>5</Count>
          </LengthDistributionItem>
          <LengthDistributionItem>
            <Length>9</Length>
            <Count>5</Count>
          </LengthDistributionItem>
          <LengthDistributionItem>
            <Length>15</Length>
            <Count>173</Count>
          </LengthDistributionItem>
          <LengthDistributionItem>
            <Length>32</Length>
            <Count>6</Count>
          </LengthDistributionItem>
          <LengthDistributionItem>
            <Length>26</Length>
            <Count>5</Count>
          </LengthDistributionItem>
          <LengthDistributionItem>
            <Length>12</Length>
            <Count>57</Count>
          </LengthDistributionItem>
          <LengthDistributionItem>
            <Length>21</Length>
            <Count>113</Count>
          </LengthDistributionItem>
          <LengthDistributionItem>
            <Length>27</Length>
            <Count>7</Count>
          </LengthDistributionItem>
          <LengthDistributionItem>
            <Length>24</Length>
            <Count>25</Count>
          </LengthDistributionItem>
          <LengthDistributionItem>
            <Length>18</Length>
            <Count>211</Count>
          </LengthDistributionItem>
          <LengthDistributionItem>
            <Length>30</Length>
            <Count>4</Count>
          </LengthDistributionItem>
          <LengthDistributionItem>
            <Length>10</Length>
            <Count>16</Count>
          </LengthDistributionItem>
          <LengthDistributionItem>
            <Length>19</Length>
            <Count>171</Count>
          </LengthDistributionItem>
          <LengthDistributionItem>
            <Length>25</Length>
            <Count>13</Count>
          </LengthDistributionItem>
          <LengthDistributionItem>
            <Length>13</Length>
            <Count>113</Count>
          </LengthDistributionItem>
          <LengthDistributionItem>
            <Length>22</Length>
            <Count>77</Count>
          </LengthDistributionItem>
          <LengthDistributionItem>
            <Length>33</Length>
            <Count>1</Count>
          </LengthDistributionItem>
          <LengthDistributionItem>
            <Length>16</Length>
            <Count>210</Count>
          </LengthDistributionItem>
          <LengthDistributionItem>
            <Length>17</Length>
            <Count>254</Count>
          </LengthDistributionItem>
          <LengthDistributionItem>
            <Length>31</Length>
            <Count>12</Count>
          </LengthDistributionItem>
          <LengthDistributionItem>
            <Length>11</Length>
            <Count>28</Count>
          </LengthDistributionItem>
          <LengthDistributionItem>
            <Length>20</Length>
            <Count>187</Count>
          </LengthDistributionItem>
          <LengthDistributionItem>
            <Length>28</Length>
            <Count>4</Count>
          </LengthDistributionItem>
          <LengthDistributionItem>
            <Length>14</Length>
            <Count>122</Count>
          </LengthDistributionItem>
          <LengthDistributionItem>
            <Length>8</Length>
            <Count>1</Count>
          </LengthDistributionItem>
        </LengthDistribution>
      </ColumnLengthDistributionProfile>
      <ColumnLengthDistributionProfile ProfileRequestID="LengthDistReq" IsExact="true">
        <DataSourceID>{ADE200D0-9886-412F-94C3-D3C9CD2747EA}</DataSourceID>
        <Table DataSource="SOLIDQDS" Database="DQS_STAGING_DATA" Schema="dbo" Table="TK463CustomersDirty" RowCount="1851" />
        <Column Name="City" SqlDbType="NVarChar" MaxLength="30" Precision="255" Scale="255" LCID="1033" CodePage="0" IsNullable="true" StringCompareOptions="0" />
        <IgnoreLeadingSpace>false</IgnoreLeadingSpace>
        <IgnoreTrailingSpace>true</IgnoreTrailingSpace>
        <MinLength>3</MinLength>
        <MaxLength>21</MaxLength>
        <LengthDistribution>
          <LengthDistributionItem>
            <Length>9</Length>
            <Count>264</Count>
          </LengthDistributionItem>
          <LengthDistributionItem>
            <Length>15</Length>
            <Count>15</Count>
          </LengthDistributionItem>
          <LengthDistributionItem>
            <Length>3</Length>
            <Count>2</Count>
          </LengthDistributionItem>
          <LengthDistributionItem>
            <Length>12</Length>
            <Count>114</Count>
          </LengthDistributionItem>
          <LengthDistributionItem>
            <Length>6</Length>
            <Count>214</Count>
          </LengthDistributionItem>
          <LengthDistributionItem>
            <Length>21</Length>
            <Count>7</Count>
          </LengthDistributionItem>
          <LengthDistributionItem>
            <Length>7</Length>
            <Count>311</Count>
          </LengthDistributionItem>
          <LengthDistributionItem>
            <Length>18</Length>
            <Count>4</Count>
          </LengthDistributionItem>
          <LengthDistributionItem>
            <Length>10</Length>
            <Count>233</Count>
          </LengthDistributionItem>
          <LengthDistributionItem>
            <Length>4</Length>
            <Count>48</Count>
          </LengthDistributionItem>
          <LengthDistributionItem>
            <Length>19</Length>
            <Count>4</Count>
          </LengthDistributionItem>
          <LengthDistributionItem>
            <Length>13</Length>
            <Count>99</Count>
          </LengthDistributionItem>
          <LengthDistributionItem>
            <Length>5</Length>
            <Count>127</Count>
          </LengthDistributionItem>
          <LengthDistributionItem>
            <Length>16</Length>
            <Count>6</Count>
          </LengthDistributionItem>
          <LengthDistributionItem>
            <Length>17</Length>
            <Count>11</Count>
          </LengthDistributionItem>
          <LengthDistributionItem>
            <Length>11</Length>
            <Count>154</Count>
          </LengthDistributionItem>
          <LengthDistributionItem>
            <Length>20</Length>
            <Count>1</Count>
          </LengthDistributionItem>
          <LengthDistributionItem>
            <Length>14</Length>
            <Count>30</Count>
          </LengthDistributionItem>
          <LengthDistributionItem>
            <Length>8</Length>
            <Count>207</Count>
          </LengthDistributionItem>
        </LengthDistribution>
      </ColumnLengthDistributionProfile>
      <ColumnLengthDistributionProfile ProfileRequestID="LengthDistReq" IsExact="true">
        <DataSourceID>{ADE200D0-9886-412F-94C3-D3C9CD2747EA}</DataSourceID>
        <Table DataSource="SOLIDQDS" Database="DQS_STAGING_DATA" Schema="dbo" Table="TK463CustomersDirty" RowCount="1851" />
        <Column Name="StateProvince" SqlDbType="NVarChar" MaxLength="50" Precision="255" Scale="255" LCID="1033" CodePage="0" IsNullable="true" StringCompareOptions="0" />
        <IgnoreLeadingSpace>false</IgnoreLeadingSpace>
        <IgnoreTrailingSpace>true</IgnoreTrailingSpace>
        <MinLength>4</MinLength>
        <MaxLength>19</MaxLength>
        <LengthDistribution>
          <LengthDistributionItem>
            <Length>15</Length>
            <Count>188</Count>
          </LengthDistributionItem>
          <LengthDistributionItem>
            <Length>9</Length>
            <Count>1</Count>
          </LengthDistributionItem>
          <LengthDistributionItem>
            <Length>12</Length>
            <Count>7</Count>
          </LengthDistributionItem>
          <LengthDistributionItem>
            <Length>6</Length>
            <Count>171</Count>
          </LengthDistributionItem>
          <LengthDistributionItem>
            <Length>7</Length>
            <Count>259</Count>
          </LengthDistributionItem>
          <LengthDistributionItem>
            <Length>10</Length>
            <Count>741</Count>
          </LengthDistributionItem>
          <LengthDistributionItem>
            <Length>4</Length>
            <Count>29</Count>
          </LengthDistributionItem>
          <LengthDistributionItem>
            <Length>19</Length>
            <Count>45</Count>
          </LengthDistributionItem>
          <LengthDistributionItem>
            <Length>13</Length>
            <Count>40</Count>
          </LengthDistributionItem>
          <LengthDistributionItem>
            <Length>5</Length>
            <Count>2</Count>
          </LengthDistributionItem>
          <LengthDistributionItem>
            <Length>16</Length>
            <Count>171</Count>
          </LengthDistributionItem>
          <LengthDistributionItem>
            <Length>17</Length>
            <Count>24</Count>
          </LengthDistributionItem>
          <LengthDistributionItem>
            <Length>11</Length>
            <Count>3</Count>
          </LengthDistributionItem>
          <LengthDistributionItem>
            <Length>14</Length>
            <Count>26</Count>
          </LengthDistributionItem>
          <LengthDistributionItem>
            <Length>8</Length>
            <Count>144</Count>
          </LengthDistributionItem>
        </LengthDistribution>
      </ColumnLengthDistributionProfile>
      <ColumnLengthDistributionProfile ProfileRequestID="LengthDistReq" IsExact="true">
        <DataSourceID>{ADE200D0-9886-412F-94C3-D3C9CD2747EA}</DataSourceID>
        <Table DataSource="SOLIDQDS" Database="DQS_STAGING_DATA" Schema="dbo" Table="TK463CustomersDirty" RowCount="1851" />
        <Column Name="CountryRegion" SqlDbType="NVarChar" MaxLength="50" Precision="255" Scale="255" LCID="1033" CodePage="0" IsNullable="true" StringCompareOptions="0" />
        <IgnoreLeadingSpace>false</IgnoreLeadingSpace>
        <IgnoreTrailingSpace>true</IgnoreTrailingSpace>
        <MinLength>6</MinLength>
        <MaxLength>14</MaxLength>
        <LengthDistribution>
          <LengthDistributionItem>
            <Length>9</Length>
            <Count>356</Count>
          </LengthDistributionItem>
          <LengthDistributionItem>
            <Length>6</Length>
            <Count>348</Count>
          </LengthDistributionItem>
          <LengthDistributionItem>
            <Length>7</Length>
            <Count>175</Count>
          </LengthDistributionItem>
          <LengthDistributionItem>
            <Length>13</Length>
            <Count>777</Count>
          </LengthDistributionItem>
          <LengthDistributionItem>
            <Length>14</Length>
            <Count>195</Count>
          </LengthDistributionItem>
        </LengthDistribution>
      </ColumnLengthDistributionProfile>
      <ColumnLengthDistributionProfile ProfileRequestID="LengthDistReq" IsExact="true">
        <DataSourceID>{ADE200D0-9886-412F-94C3-D3C9CD2747EA}</DataSourceID>
        <Table DataSource="SOLIDQDS" Database="DQS_STAGING_DATA" Schema="dbo" Table="TK463CustomersDirty" RowCount="1851" />
        <Column Name="EmailAddress" SqlDbType="NVarChar" MaxLength="50" Precision="255" Scale="255" LCID="1033" CodePage="0" IsNullable="true" StringCompareOptions="0" />
        <IgnoreLeadingSpace>false</IgnoreLeadingSpace>
        <IgnoreTrailingSpace>true</IgnoreTrailingSpace>
        <MinLength>24</MinLength>
        <MaxLength>33</MaxLength>
        <LengthDistribution>
          <LengthDistributionItem>
            <Length>29</Length>
            <Count>287</Count>
          </LengthDistributionItem>
          <LengthDistributionItem>
            <Length>32</Length>
            <Count>9</Count>
          </LengthDistributionItem>
          <LengthDistributionItem>
            <Length>26</Length>
            <Count>301</Count>
          </LengthDistributionItem>
          <LengthDistributionItem>
            <Length>27</Length>
            <Count>457</Count>
          </LengthDistributionItem>
          <LengthDistributionItem>
            <Length>24</Length>
            <Count>17</Count>
          </LengthDistributionItem>
          <LengthDistributionItem>
            <Length>30</Length>
            <Count>138</Count>
          </LengthDistributionItem>
          <LengthDistributionItem>
            <Length>25</Length>
            <Count>106</Count>
          </LengthDistributionItem>
          <LengthDistributionItem>
            <Length>33</Length>
            <Count>1</Count>
          </LengthDistributionItem>
          <LengthDistributionItem>
            <Length>31</Length>
            <Count>58</Count>
          </LengthDistributionItem>
          <LengthDistributionItem>
            <Length>28</Length>
            <Count>477</Count>
          </LengthDistributionItem>
        </LengthDistribution>
      </ColumnLengthDistributionProfile>
      <ColumnLengthDistributionProfile ProfileRequestID="LengthDistReq" IsExact="true">
        <DataSourceID>{ADE200D0-9886-412F-94C3-D3C9CD2747EA}</DataSourceID>
        <Table DataSource="SOLIDQDS" Database="DQS_STAGING_DATA" Schema="dbo" Table="TK463CustomersDirty" RowCount="1851" />
        <Column Name="Occupation" SqlDbType="NVarChar" MaxLength="100" Precision="255" Scale="255" LCID="1033" CodePage="0" IsNullable="true" StringCompareOptions="0" />
        <IgnoreLeadingSpace>false</IgnoreLeadingSpace>
        <IgnoreTrailingSpace>true</IgnoreTrailingSpace>
        <MinLength>6</MinLength>
        <MaxLength>14</MaxLength>
        <LengthDistribution>
          <LengthDistributionItem>
            <Length>12</Length>
            <Count>552</Count>
          </LengthDistributionItem>
          <LengthDistributionItem>
            <Length>6</Length>
            <Count>240</Count>
          </LengthDistributionItem>
          <LengthDistributionItem>
            <Length>10</Length>
            <Count>309</Count>
          </LengthDistributionItem>
          <LengthDistributionItem>
            <Length>11</Length>
            <Count>1</Count>
          </LengthDistributionItem>
          <LengthDistributionItem>
            <Length>14</Length>
            <Count>467</Count>
          </LengthDistributionItem>
          <LengthDistributionItem>
            <Length>8</Length>
            <Count>282</Count>
          </LengthDistributionItem>
        </LengthDistribution>
      </ColumnLengthDistributionProfile>
    </Profiles>
  </DataProfileOutput>
</DataProfile>