﻿<?xml version="1.0" encoding="utf-8"?>
<Project ToolsVersion="12.0" xmlns="http://schemas.microsoft.com/developer/msbuild/2003">
  <PropertyGroup>
    <IncludeCompositeObjects>True</IncludeCompositeObjects>
    <TargetDatabaseName>t_sql_querying</TargetDatabaseName>
    <DeployScriptFileName>t_sql_querying_project.sql</DeployScriptFileName>
    <TargetConnectionString>Data Source=.\ss2014;Integrated Security=True;Pooling=False</TargetConnectionString>
    <ProfileVersionNumber>1</ProfileVersionNumber>
  </PropertyGroup>
</Project>